Transaction Name,Flow Name,Packet List Name,Transaction Duration (seconds),Network Time (seconds) ,Throughput Up (KB),Throughput Down (KB),Number of Requests,Errors,Analysis Score (Desktop) ,Analysis Score (Mobile) ,Transaction HTML Report Name
vuser_init_Transaction,,,4,3,2,8,21,7,65,3,41,0,93,5,94,5,report0.html
Forum_01_01_load_mainpage,,,3,2,1,6,8,9,24,5,18,0,95,5,95,5,report1.html
Forum_01_02_Login,,,0,3,0,3,1,7,9,9,3,0,100,0,100,0,report2.html
Forum_01_03_open_category,,,0,4,0,4,6,4,15,8,12,0,97,0,97,0,report3.html
Forum_01_03_open_topic,,,0,4,0,3,4,7,15,1,8,0,98,0,98,5,report4.html
Action_Transaction,,,4,0,4,0,15,1,35,8,25,0,95,0,96,0,report5.html
_Forum_web_01_post_message,,,4,0,4,0,15,1,35,8,25,0,95,0,96,0,report6.html
Forum_01_05_quote,,,0,6,0,6,13,1,24,6,22,0,95,0,96,0,report7.html
Forum_01_06_submit,,,3,3,3,3,2,1,11,1,3,0,99,5,99,5,report8.html
vuser_end_Transaction,,,0,2,0,2,1,0,5,9,2,0,100,0,100,0,report9.html
Forum_01_07_Logout,,,0,2,0,2,1,0,5,9,2,0,100,0,100,0,report10.html