[
    {
        "transactionName": "Forum_01_01_load_mainpage",
        "rawStartTime": 1499180054910,
        "rawEndTime": 1499180058072
    },
    {
        "transactionName": "Forum_01_02_Login",
        "rawStartTime": 1499180058086,
        "rawEndTime": 1499180058422
    },
    {
        "transactionName": "Forum_01_03_open_category",
        "rawStartTime": 1499180058431,
        "rawEndTime": 1499180058833
    },
    {
        "transactionName": "Forum_01_03_open_topic",
        "rawStartTime": 1499180058846,
        "rawEndTime": 1499180059226
    },
    {
        "transactionName": "Forum_01_05_quote",
        "rawStartTime": 1499180059266,
        "rawEndTime": 1499180059906
    },
    {
        "transactionName": "Forum_01_06_submit",
        "rawStartTime": 1499180059909,
        "rawEndTime": 1499180063220
    },
    {
        "transactionName": "_Forum_web_01_post_message",
        "rawStartTime": 1499180059263,
        "rawEndTime": 1499180063232
    },
    {
        "transactionName": "Forum_01_07_Logout",
        "rawStartTime": 1499180063271,
        "rawEndTime": 1499180063469
    }
]